﻿<?xml version="1.0" encoding="utf-8"?>
<deployment>
  <id>a2f507d5-51c1-4d4c-989e-2b460b3c6bf4</id>
  <author>N/A</author>
  <deployer>GITHUB_ZIP_DEPLOY</deployer>
  <authorEmail>N/A</authorEmail>
  <message>{"type":"deployment","sha":"82c7d9c172f43767d6f152bcc9bd5e068067e2aa","repoName":"NiklasDueNim/OverblikPlus","actor":"NiklasNim","slotName":"production","commitMessage":"Fix Azure deployment - disable remote build and use pre-built packages"}</message>
  <progress></progress>
  <status>Failed</status>
  <statusText>Deployment has been stopped due to SCM container restart. The restart can happen due to a management operation on site. Do not perform a management operation and a deployment operation in quick succession. Adding a small delay can help avoid any conflicts.</statusText>
  <lastSuccessEndTime />
  <receivedTime>2025-09-14T11:07:31.6764405Z</receivedTime>
  <startTime>2025-09-14T11:07:31.6764405Z</startTime>
  <endTime>2025-09-14T11:23:33.5811418Z</endTime>
  <complete>True</complete>
  <is_temp>False</is_temp>
  <is_readonly>True</is_readonly>
  <buildSummary />
</deployment>