<step title="Incoming Request" date="2025-09-14T11:20:15.096" instance="d7204e" url="/api/deployments/latest?deployer=GITHUB_ZIP_DEPLOY&amp;time=2025-09-14_11-06-32Z" method="GET" type="request" pid="826,1,3" Host="overblikplus-user-api-dev.scm.azurewebsites.net" User-Agent="GITHUBACTIONS_DeployWebAppToAzure_735aa2ce1ff57fafac1e187d985dca0f627900a41e77b4185a35f46dfdf966a0" Authorization="Bas..." Content-Type="application/json; charset=utf-8" Cookie="ARRAffinity=d7204e58bc6440e2561834b1cfb61b8955e435b21d3a048a8eefc7ef39a69118;Path=/;HttpOnly;Secure;Domain=overblikplus-user-api-dev.scm.azurewebsites.net; ARRAffinitySameSite=d7204e58bc6440e2561834b1cfb61b8955e435b21d3a048a8eefc7ef39a69118;Path=/;HttpOnly;SameSite=None;Secure;Domain=overblikplus-user-api-dev.scm.azurewebsites.net" Content-Length="0" X-ARR-LOG-ID="95348cd0-919e-4b84-9ea3-5870a7837388" CLIENT-IP="40.65.58.134:14336" X-SITE-DEPLOYMENT-ID="overblikplus-user-api-dev" WAS-DEFAULT-HOSTNAME="overblikplus-user-api-dev.scm.azurewebsites.net" X-Forwarded-Proto="https" X-AppService-Proto="https" X-Forwarded-TlsVersion="1.3" X-WAWS-Unencoded-URL="/api/deployments/latest?deployer=GITHUB_ZIP_DEPLOY&amp;time=2025-09-14_11-06-32Z" X-Client-IP="40.65.58.134" X-Client-Port="14336" >
  <step title="Cleanup Xml Logs" date="2025-09-14T11:20:15.104" >
    <step title="Cleanup Infos" date="2025-09-14T11:20:15.154" totalFiles="200" totalCleanup="40" /><!-- duration: 353ms -->
  </step><!-- duration: 494ms -->
  <step title="DeploymentService.GetResult" date="2025-09-14T11:20:15.629" >
    <step title="DeploymentService.GetLatestDeployment" date="2025-09-14T11:20:15.638" >
      <step title="DeploymentManager.GetResults" date="2025-09-14T11:20:15.647" /><!-- duration: 914ms -->
    </step><!-- duration: 955ms -->
  </step><!-- duration: 984ms -->
  <step title="Outgoing response" date="2025-09-14T11:20:16.624" type="response" statusCode="202" statusText="Accepted" /><!-- duration: 49ms -->
</step><!-- duration: 1599ms -->
