<step title="Incoming Request" date="2025-09-14T04:09:12.021" instance="d7204e" url="/api/zipdeploy?isAsync=true&amp;deployer=GITHUB_ZIP_DEPLOY&amp;message=%7B%22type%22%3A%22deployment%22%2C%22sha%22%3A%224be8b061c75ea1dca0cc995f4913567a121764e1%22%2C%22repoName%22%3A%22NiklasDueNim%2FOverblikPlus%22%2C%22actor%22%3A%22NiklasNim%22%2C%22slotName%22%3A%22production%22%2C%22commitMessage%22%3A%22Trigger%20backend%20deployment%20workflow%22%7D" method="POST" type="request" pid="823,1,15" Host="overblikplus-user-api-dev.scm.azurewebsites.net" User-Agent="GITHUBACTIONS_DeployWebAppToAzure_735aa2ce1ff57fafac1e187d985dca0f627900a41e77b4185a35f46dfdf966a0" Authorization="Bas..." Content-Type="application/octet-stream" Cookie="ARRAffinity=d7204e58bc6440e2561834b1cfb61b8955e435b21d3a048a8eefc7ef39a69118;Path=/;HttpOnly;Secure;Domain=overblikplus-user-api-dev.scm.azurewebsites.net; ARRAffinitySameSite=d7204e58bc6440e2561834b1cfb61b8955e435b21d3a048a8eefc7ef39a69118;Path=/;HttpOnly;SameSite=None;Secure;Domain=overblikplus-user-api-dev.scm.azurewebsites.net" Transfer-Encoding="chunked" X-ARR-LOG-ID="6ba45868-4a09-4d95-ba32-4c7bf7f7b621" CLIENT-IP="135.119.38.39:13954" X-SITE-DEPLOYMENT-ID="overblikplus-user-api-dev" WAS-DEFAULT-HOSTNAME="overblikplus-user-api-dev.scm.azurewebsites.net" X-Forwarded-Proto="https" X-AppService-Proto="https" X-Forwarded-TlsVersion="1.3" X-WAWS-Unencoded-URL="/api/zipdeploy?isAsync=true&amp;deployer=GITHUB_ZIP_DEPLOY&amp;message=%7B%22type%22%3A%22deployment%22%2C%22sha%22%3A%224be8b061c75ea1dca0cc995f4913567a121764e1%22%2C%22repoName%22%3A%22NiklasDueNim%2FOverblikPlus%22%2C%22actor%22%3A%22NiklasNim%22%2C%22slotName%22%3A%22production%22%2C%22commitMessage%22%3A%22Trigger%20backend%20deployment%20workflow%22%7D" X-Client-IP="135.119.38.39" X-Client-Port="13954" >
  <step title="ZipPushDeploy" date="2025-09-14T04:09:12.595" >
    <step title="ZipDeploy. Extract zip." date="2025-09-14T04:09:12.636" /><!-- duration: 71ms -->
    <step title="None repository commit" date="2025-09-14T04:09:12.815" >
      <step title="Commit id: 1f4b49a8-5054-4cdb-b349-e721da25a7aa" date="2025-09-14T04:09:12.848" Message="N/A" AuthorName="N/A" AuthorEmail="N/A" /><!-- duration: 30ms -->
    </step><!-- duration: 72ms -->
    <step title="Starting PushDeployAsync" date="2025-09-14T04:09:12.898" /><!-- duration: 10ms -->
    <step title="Writing artifact to /tmp/zipdeploy/dc66e0e7-91de-4817-921b-ce4fb3819526.zip" date="2025-09-14T04:09:12.968" >
      <step title="Writing multipart request body to /tmp/zipdeploy/dc66e0e7-91de-4817-921b-ce4fb3819526.zip" date="2025-09-14T04:09:12.998" /><!-- duration: 9ms -->
    </step><!-- duration: 854ms -->
    <step title="Start deployment in the background" date="2025-09-14T04:09:13.871" >
      <step title="Acquiring Deployment Lock" date="2025-09-14T04:09:14.052" /><!-- duration: 102ms -->
      <step title="Acquired Deployment Lock" date="2025-09-14T04:09:14.537" /><!-- duration: 18ms -->
    </step><!-- duration: 968ms -->
  </step><!-- duration: 2311ms -->
  <step title="Outgoing response" date="2025-09-14T04:09:14.928" type="response" statusCode="202" statusText="Accepted" /><!-- duration: 10ms -->
</step><!-- duration: 2936ms -->
