<step title="BackgroundTrace" date="2025-09-14T10:50:20.373" instance="d7204e" url="/api/zipdeploy" method="POST" >
  <step title="Cleanup Xml Logs" date="2025-09-14T10:50:20.463" /><!-- duration: 90ms -->
  <step title="Creating temporary deployment - FetchDeploymentManager" date="2025-09-14T10:50:22.352" /><!-- duration: 50ms -->
  <step title="Creating temporary deployment" date="2025-09-14T10:50:22.503" /><!-- duration: 1690ms -->
  <step title="Performing fetch based deployment" date="2025-09-14T10:50:25.257" >
    <step title="Cleaning up temp folders from previous zip deployments and extracting pushed zip file /tmp/zipdeploy/2cf2d218-6456-44f6-acdd-867e846de17b.zip (8.68 MB) to /tmp/zipdeploy/extracted" date="2025-09-14T10:50:28.494" >
      <step title="ChmodRecursive Process exited with total time taken in ms: 338" date="2025-09-14T10:50:39.745" /><!-- duration: 63ms -->
    </step><!-- duration: 11533ms -->
    <step title="Deployment timer started" date="2025-09-14T10:50:42.269" >
      <step title="DeploymentManager.Deploy(id:15a09d4f-acab-4799-980d-de68f9e97b37)" date="2025-09-14T10:50:42.340" >
        <step title="Collecting changeset information" date="2025-09-14T10:50:42.602" /><!-- duration: 877ms -->
        <step title="Updating submodules" date="2025-09-14T10:50:43.549" /><!-- duration: 1727ms -->
        <step title="Determining deployment builder" date="2025-09-14T10:50:46.806" >
          <step title="Builder is BasicBuilder" date="2025-09-14T10:50:47.066" /><!-- duration: 39ms -->
        </step><!-- duration: 400ms -->
        <step title="PreDeployment: context.CleanOutputPath False" date="2025-09-14T10:50:47.771" >
          <step title="PreDeployment: context.OutputPath /home/site/wwwroot" date="2025-09-14T10:50:48.814" >
            <step title="Building" date="2025-09-14T10:50:51.165" >
              <step title="Executing external process" date="2025-09-14T10:50:52.110" type="process" path="starter.sh" arguments="/opt/Kudu/Scripts/parallel_rsync.sh /tmp/zipdeploy/extracted /home/site/wwwroot 8 /tmp/ False True  " /><!-- duration: 23316ms -->
              <step title="Triggering recycle (preview mode disabled)." date="2025-09-14T10:51:15.855" /><!-- duration: 3ms -->
              <step title="Modified file to trigger a restart of the app container." date="2025-09-14T10:51:16.090" /><!-- duration: 40ms -->
              <step title="Skip function trigger and logicapp sync because function is not enabled." date="2025-09-14T10:51:16.458" /><!-- duration: 73ms -->
