<step title="Incoming Request" date="2025-09-14T10:50:10.331" instance="d7204e" url="/api/zipdeploy?isAsync=true&amp;deployer=GITHUB_ZIP_DEPLOY&amp;message=%7B%22type%22%3A%22deployment%22%2C%22sha%22%3A%224ab79650f89e25db40c601a0020771276b1899aa%22%2C%22repoName%22%3A%22NiklasDueNim%2FOverblikPlus%22%2C%22actor%22%3A%22NiklasNim%22%2C%22slotName%22%3A%22production%22%2C%22commitMessage%22%3A%22Trigger%20redeployment%20with%20Azure%20storage%20settings%22%7D" method="POST" type="request" pid="831,1,86" Host="overblikplus-user-api-dev.scm.azurewebsites.net" User-Agent="GITHUBACTIONS_DeployWebAppToAzure_735aa2ce1ff57fafac1e187d985dca0f627900a41e77b4185a35f46dfdf966a0" Authorization="Bas..." Content-Type="application/octet-stream" Cookie="ARRAffinity=d7204e58bc6440e2561834b1cfb61b8955e435b21d3a048a8eefc7ef39a69118;Path=/;HttpOnly;Secure;Domain=overblikplus-user-api-dev.scm.azurewebsites.net; ARRAffinitySameSite=d7204e58bc6440e2561834b1cfb61b8955e435b21d3a048a8eefc7ef39a69118;Path=/;HttpOnly;SameSite=None;Secure;Domain=overblikplus-user-api-dev.scm.azurewebsites.net" Transfer-Encoding="chunked" X-ARR-LOG-ID="a49274e7-75be-4b48-b5d9-762b9ca89c86" CLIENT-IP="172.184.213.163:47104" X-SITE-DEPLOYMENT-ID="overblikplus-user-api-dev" WAS-DEFAULT-HOSTNAME="overblikplus-user-api-dev.scm.azurewebsites.net" X-Forwarded-Proto="https" X-AppService-Proto="https" X-Forwarded-TlsVersion="1.3" X-WAWS-Unencoded-URL="/api/zipdeploy?isAsync=true&amp;deployer=GITHUB_ZIP_DEPLOY&amp;message=%7B%22type%22%3A%22deployment%22%2C%22sha%22%3A%224ab79650f89e25db40c601a0020771276b1899aa%22%2C%22repoName%22%3A%22NiklasDueNim%2FOverblikPlus%22%2C%22actor%22%3A%22NiklasNim%22%2C%22slotName%22%3A%22production%22%2C%22commitMessage%22%3A%22Trigger%20redeployment%20with%20Azure%20storage%20settings%22%7D" X-Client-IP="172.184.213.163" X-Client-Port="47104" >
  <step title="Cleanup Xml Logs" date="2025-09-14T10:50:10.692" /><!-- duration: 171ms -->
  <step title="ZipPushDeploy" date="2025-09-14T10:50:12.179" >
    <step title="ZipDeploy. Extract zip." date="2025-09-14T10:50:12.412" /><!-- duration: 50ms -->
    <step title="Starting PushDeployAsync" date="2025-09-14T10:50:12.855" /><!-- duration: 27ms -->
    <step title="Writing artifact to /tmp/zipdeploy/2cf2d218-6456-44f6-acdd-867e846de17b.zip" date="2025-09-14T10:50:13.166" >
      <step title="Writing multipart request body to /tmp/zipdeploy/2cf2d218-6456-44f6-acdd-867e846de17b.zip" date="2025-09-14T10:50:13.237" /><!-- duration: 97ms -->
    </step><!-- duration: 5710ms -->
    <step title="Start deployment in the background" date="2025-09-14T10:50:20.253" >
      <step title="Acquiring Deployment Lock" date="2025-09-14T10:50:21.537" /><!-- duration: 202ms -->
      <step title="Acquired Deployment Lock" date="2025-09-14T10:50:22.161" /><!-- duration: 129ms -->
    </step><!-- duration: 4138ms -->
  </step><!-- duration: 12587ms -->
  <step title="Outgoing response" date="2025-09-14T10:50:24.846" type="response" statusCode="202" statusText="Accepted" /><!-- duration: 21ms -->
</step><!-- duration: 14555ms -->
