<step title="BackgroundTrace" date="2025-09-14T04:09:13.882" instance="d7204e" url="/api/zipdeploy" method="POST" >
  <step title="Cleanup Xml Logs" date="2025-09-14T04:09:13.892" /><!-- duration: 19ms -->
  <step title="Creating temporary deployment - FetchDeploymentManager" date="2025-09-14T04:09:14.566" /><!-- duration: 11ms -->
  <step title="Creating temporary deployment" date="2025-09-14T04:09:14.595" /><!-- duration: 213ms -->
  <step title="Performing fetch based deployment" date="2025-09-14T04:09:15.047" >
    <step title="Cleaning up temp folders from previous zip deployments and extracting pushed zip file /tmp/zipdeploy/dc66e0e7-91de-4817-921b-ce4fb3819526.zip (8.68 MB) to /tmp/zipdeploy/extracted" date="2025-09-14T04:09:16.500" >
      <step title="ChmodRecursive Process exited with total time taken in ms: 78" date="2025-09-14T04:09:17.452" /><!-- duration: 5ms -->
    </step><!-- duration: 975ms -->
    <step title="Deployment timer started" date="2025-09-14T04:09:19.499" >
      <step title="DeploymentManager.Deploy(id:1f4b49a8-5054-4cdb-b349-e721da25a7aa)" date="2025-09-14T04:09:19.506" >
        <step title="Collecting changeset information" date="2025-09-14T04:09:19.566" /><!-- duration: 107ms -->
        <step title="Updating submodules" date="2025-09-14T04:09:19.679" /><!-- duration: 1152ms -->
        <step title="Determining deployment builder" date="2025-09-14T04:09:21.132" >
          <step title="Builder is BasicBuilder" date="2025-09-14T04:09:21.149" /><!-- duration: 18ms -->
        </step><!-- duration: 38ms -->
        <step title="PreDeployment: context.CleanOutputPath False" date="2025-09-14T04:09:21.311" >
          <step title="PreDeployment: context.OutputPath /home/site/wwwroot" date="2025-09-14T04:09:21.563" >
            <step title="Building" date="2025-09-14T04:09:21.792" >
              <step title="Executing external process" date="2025-09-14T04:09:22.302" type="process" path="starter.sh" arguments="/opt/Kudu/Scripts/parallel_rsync.sh /tmp/zipdeploy/extracted /home/site/wwwroot 8 /tmp/ False True  " /><!-- duration: 12285ms -->
              <step title="Triggering recycle (preview mode disabled)." date="2025-09-14T04:09:34.915" /><!-- duration: 3ms -->
              <step title="Modified file to trigger a restart of the app container." date="2025-09-14T04:09:35.006" /><!-- duration: 3ms -->
              <step title="Skip function trigger and logicapp sync because function is not enabled." date="2025-09-14T04:09:35.013" /><!-- duration: 13ms -->
            </step><!-- duration: 14039ms -->
          </step><!-- duration: 14295ms -->
          <step title="Cleaning up temp files" date="2025-09-14T04:09:35.861" /><!-- duration: 7ms -->
          <step title="Cleaning up temp files" date="2025-09-14T04:09:35.896" /><!-- duration: 521ms -->
          <step title="Reloading status file with latest updates" date="2025-09-14T04:09:36.494" >
            <step title="WebHooksManager.PublishEventAsync: PostDeployment" date="2025-09-14T04:09:36.523" /><!-- duration: 122ms -->
          </step><!-- duration: 158ms -->
          <step title="Cleaning up temporary deployment - fetch deployment was successful" date="2025-09-14T04:09:36.683" /><!-- duration: 12ms -->
        </step><!-- duration: 15527ms -->
      </step><!-- duration: 17347ms -->
