<step title="Incoming Request" date="2025-09-14T11:20:22.279" instance="d7204e" url="/api/deployments/latest?deployer=GITHUB_ZIP_DEPLOY&amp;time=2025-09-14_11-06-32Z" method="GET" type="request" pid="826,1,3" Host="overblikplus-user-api-dev.scm.azurewebsites.net" User-Agent="GITHUBACTIONS_DeployWebAppToAzure_735aa2ce1ff57fafac1e187d985dca0f627900a41e77b4185a35f46dfdf966a0" Authorization="Bas..." Content-Type="application/json; charset=utf-8" Cookie="ARRAffinity=d7204e58bc6440e2561834b1cfb61b8955e435b21d3a048a8eefc7ef39a69118;Path=/;HttpOnly;Secure;Domain=overblikplus-user-api-dev.scm.azurewebsites.net; ARRAffinitySameSite=d7204e58bc6440e2561834b1cfb61b8955e435b21d3a048a8eefc7ef39a69118;Path=/;HttpOnly;SameSite=None;Secure;Domain=overblikplus-user-api-dev.scm.azurewebsites.net" Content-Length="0" X-ARR-LOG-ID="e846f765-a436-4958-b898-244d683d2c60" CLIENT-IP="40.65.58.134:14338" X-SITE-DEPLOYMENT-ID="overblikplus-user-api-dev" WAS-DEFAULT-HOSTNAME="overblikplus-user-api-dev.scm.azurewebsites.net" X-Forwarded-Proto="https" X-AppService-Proto="https" X-Forwarded-TlsVersion="1.3" X-WAWS-Unencoded-URL="/api/deployments/latest?deployer=GITHUB_ZIP_DEPLOY&amp;time=2025-09-14_11-06-32Z" X-Client-IP="40.65.58.134" X-Client-Port="14338" >
  <step title="Cleanup Xml Logs" date="2025-09-14T11:20:22.291" >
    <step title="Cleanup Infos" date="2025-09-14T11:20:22.342" totalFiles="201" totalCleanup="41" /><!-- duration: 27ms -->
  </step><!-- duration: 98ms -->
  <step title="DeploymentService.GetResult" date="2025-09-14T11:20:22.472" >
    <step title="DeploymentService.GetLatestDeployment" date="2025-09-14T11:20:22.512" >
      <step title="DeploymentManager.GetResults" date="2025-09-14T11:20:22.530" /><!-- duration: 820ms -->
    </step><!-- duration: 845ms -->
  </step><!-- duration: 888ms -->
  <step title="Outgoing response" date="2025-09-14T11:20:23.367" type="response" statusCode="202" statusText="Accepted" /><!-- duration: 5ms -->
</step><!-- duration: 1096ms -->
