<step title="Incoming Request" date="2025-09-14T10:42:28.093" instance="d7204e" url="/api/zipdeploy?isAsync=true&amp;deployer=GITHUB_ZIP_DEPLOY&amp;message=%7B%22type%22%3A%22deployment%22%2C%22sha%22%3A%22c153024385100b7ada99ae577144c1d74333ac50%22%2C%22repoName%22%3A%22NiklasDueNim%2FOverblikPlus%22%2C%22actor%22%3A%22NiklasNim%22%2C%22slotName%22%3A%22production%22%2C%22commitMessage%22%3A%22Enable%20database%20migrations%20in%20Production%20mode%20for%20both%20services%22%7D" method="POST" type="request" pid="831,1,85" Host="overblikplus-user-api-dev.scm.azurewebsites.net" User-Agent="GITHUBACTIONS_DeployWebAppToAzure_735aa2ce1ff57fafac1e187d985dca0f627900a41e77b4185a35f46dfdf966a0" Authorization="Bas..." Content-Type="application/octet-stream" Cookie="ARRAffinity=d7204e58bc6440e2561834b1cfb61b8955e435b21d3a048a8eefc7ef39a69118;Path=/;HttpOnly;Secure;Domain=overblikplus-user-api-dev.scm.azurewebsites.net; ARRAffinitySameSite=d7204e58bc6440e2561834b1cfb61b8955e435b21d3a048a8eefc7ef39a69118;Path=/;HttpOnly;SameSite=None;Secure;Domain=overblikplus-user-api-dev.scm.azurewebsites.net" Transfer-Encoding="chunked" X-ARR-LOG-ID="4af8e034-5ec7-46da-96b2-82db943f3dde" CLIENT-IP="135.119.237.68:17440" X-SITE-DEPLOYMENT-ID="overblikplus-user-api-dev" WAS-DEFAULT-HOSTNAME="overblikplus-user-api-dev.scm.azurewebsites.net" X-Forwarded-Proto="https" X-AppService-Proto="https" X-Forwarded-TlsVersion="1.3" X-WAWS-Unencoded-URL="/api/zipdeploy?isAsync=true&amp;deployer=GITHUB_ZIP_DEPLOY&amp;message=%7B%22type%22%3A%22deployment%22%2C%22sha%22%3A%22c153024385100b7ada99ae577144c1d74333ac50%22%2C%22repoName%22%3A%22NiklasDueNim%2FOverblikPlus%22%2C%22actor%22%3A%22NiklasNim%22%2C%22slotName%22%3A%22production%22%2C%22commitMessage%22%3A%22Enable%20database%20migrations%20in%20Production%20mode%20for%20both%20services%22%7D" X-Client-IP="135.119.237.68" X-Client-Port="17440" >
  <step title="ZipPushDeploy" date="2025-09-14T10:42:28.135" >
    <step title="ZipDeploy. Extract zip." date="2025-09-14T10:42:28.143" /><!-- duration: 3ms -->
    <step title="Starting PushDeployAsync" date="2025-09-14T10:42:28.155" /><!-- duration: 3ms -->
    <step title="Writing artifact to /tmp/zipdeploy/a86b5c8b-94d1-4c82-9503-808aa554f621.zip" date="2025-09-14T10:42:28.173" >
      <step title="Writing multipart request body to /tmp/zipdeploy/a86b5c8b-94d1-4c82-9503-808aa554f621.zip" date="2025-09-14T10:42:28.184" /><!-- duration: 4ms -->
    </step><!-- duration: 1988ms -->
    <step title="Start deployment in the background" date="2025-09-14T10:42:30.193" >
      <step title="Acquiring Deployment Lock" date="2025-09-14T10:42:30.249" /><!-- duration: 4ms -->
      <step title="Acquired Deployment Lock" date="2025-09-14T10:42:30.331" /><!-- duration: 9ms -->
    </step><!-- duration: 859ms -->
  </step><!-- duration: 2932ms -->
  <step title="Outgoing response" date="2025-09-14T10:42:31.085" type="response" statusCode="202" statusText="Accepted" /><!-- duration: 24ms -->
</step><!-- duration: 3022ms -->
