<step title="Incoming Request" date="2025-09-14T10:56:58.932" instance="d7204e" url="/api/zipdeploy?isAsync=true&amp;deployer=GITHUB_ZIP_DEPLOY&amp;message=%7B%22type%22%3A%22deployment%22%2C%22sha%22%3A%228746c93add4ae181006566e7f579f41105ffb320%22%2C%22repoName%22%3A%22NiklasDueNim%2FOverblikPlus%22%2C%22actor%22%3A%22NiklasNim%22%2C%22slotName%22%3A%22production%22%2C%22commitMessage%22%3A%22Fix%20TaskMicroService%20migration%20error%20handling%20and%20compilation%20error%22%7D" method="POST" type="request" pid="823,1,15" Host="overblikplus-user-api-dev.scm.azurewebsites.net" User-Agent="GITHUBACTIONS_DeployWebAppToAzure_735aa2ce1ff57fafac1e187d985dca0f627900a41e77b4185a35f46dfdf966a0" Authorization="Bas..." Content-Type="application/octet-stream" Cookie="ARRAffinity=d7204e58bc6440e2561834b1cfb61b8955e435b21d3a048a8eefc7ef39a69118;Path=/;HttpOnly;Secure;Domain=overblikplus-user-api-dev.scm.azurewebsites.net; ARRAffinitySameSite=d7204e58bc6440e2561834b1cfb61b8955e435b21d3a048a8eefc7ef39a69118;Path=/;HttpOnly;SameSite=None;Secure;Domain=overblikplus-user-api-dev.scm.azurewebsites.net" Transfer-Encoding="chunked" X-ARR-LOG-ID="7ed76102-c624-4379-9a64-35df223b78a0" CLIENT-IP="20.161.77.167:37936" X-SITE-DEPLOYMENT-ID="overblikplus-user-api-dev" WAS-DEFAULT-HOSTNAME="overblikplus-user-api-dev.scm.azurewebsites.net" X-Forwarded-Proto="https" X-AppService-Proto="https" X-Forwarded-TlsVersion="1.3" X-WAWS-Unencoded-URL="/api/zipdeploy?isAsync=true&amp;deployer=GITHUB_ZIP_DEPLOY&amp;message=%7B%22type%22%3A%22deployment%22%2C%22sha%22%3A%228746c93add4ae181006566e7f579f41105ffb320%22%2C%22repoName%22%3A%22NiklasDueNim%2FOverblikPlus%22%2C%22actor%22%3A%22NiklasNim%22%2C%22slotName%22%3A%22production%22%2C%22commitMessage%22%3A%22Fix%20TaskMicroService%20migration%20error%20handling%20and%20compilation%20error%22%7D" X-Client-IP="20.161.77.167" X-Client-Port="37936" >
  <step title="ZipPushDeploy" date="2025-09-14T10:56:59.243" >
    <step title="ZipDeploy. Extract zip." date="2025-09-14T10:56:59.354" /><!-- duration: 48ms -->
    <step title="None repository commit" date="2025-09-14T10:56:59.462" >
      <step title="Commit id: 8e37dc1a-000e-4ae4-bb22-bd9377b681ca" date="2025-09-14T10:56:59.475" Message="N/A" AuthorName="N/A" AuthorEmail="N/A" /><!-- duration: 19ms -->
    </step><!-- duration: 82ms -->
    <step title="Starting PushDeployAsync" date="2025-09-14T10:56:59.555" /><!-- duration: 20ms -->
    <step title="Writing artifact to /tmp/zipdeploy/995ab574-dd18-4c63-aa3f-601c344840a4.zip" date="2025-09-14T10:56:59.754" >
      <step title="Writing multipart request body to /tmp/zipdeploy/995ab574-dd18-4c63-aa3f-601c344840a4.zip" date="2025-09-14T10:56:59.774" /><!-- duration: 91ms -->
    </step><!-- duration: 2495ms -->
    <step title="Start deployment in the background" date="2025-09-14T10:57:02.348" >
      <step title="Acquiring Deployment Lock" date="2025-09-14T10:57:02.650" /><!-- duration: 39ms -->
      <step title="Acquired Deployment Lock" date="2025-09-14T10:57:02.782" /><!-- duration: 18ms -->
    </step><!-- duration: 925ms -->
  </step><!-- duration: 4132ms -->
  <step title="Outgoing response" date="2025-09-14T10:57:03.525" type="response" statusCode="202" statusText="Accepted" /><!-- duration: 11ms -->
</step><!-- duration: 4621ms -->
