<step title="Incoming Request" date="2025-09-14T11:06:25.802" instance="d7204e" url="/api/zipdeploy?isAsync=true&amp;deployer=GITHUB_ZIP_DEPLOY&amp;message=%7B%22type%22%3A%22deployment%22%2C%22sha%22%3A%2282c7d9c172f43767d6f152bcc9bd5e068067e2aa%22%2C%22repoName%22%3A%22NiklasDueNim%2FOverblikPlus%22%2C%22actor%22%3A%22NiklasNim%22%2C%22slotName%22%3A%22production%22%2C%22commitMessage%22%3A%22Fix%20Azure%20deployment%20-%20disable%20remote%20build%20and%20use%20pre-built%20packages%22%7D" method="POST" type="request" pid="825,1,16" Host="overblikplus-user-api-dev.scm.azurewebsites.net" User-Agent="GITHUBACTIONS_DeployWebAppToAzure_735aa2ce1ff57fafac1e187d985dca0f627900a41e77b4185a35f46dfdf966a0" Authorization="Bas..." Content-Type="application/octet-stream" Cookie="ARRAffinity=d7204e58bc6440e2561834b1cfb61b8955e435b21d3a048a8eefc7ef39a69118;Path=/;HttpOnly;Secure;Domain=overblikplus-user-api-dev.scm.azurewebsites.net; ARRAffinitySameSite=d7204e58bc6440e2561834b1cfb61b8955e435b21d3a048a8eefc7ef39a69118;Path=/;HttpOnly;SameSite=None;Secure;Domain=overblikplus-user-api-dev.scm.azurewebsites.net" Transfer-Encoding="chunked" X-ARR-LOG-ID="3a2263c2-a1fc-4944-b0a9-66f1434dde5a" CLIENT-IP="40.65.58.134:14336" X-SITE-DEPLOYMENT-ID="overblikplus-user-api-dev" WAS-DEFAULT-HOSTNAME="overblikplus-user-api-dev.scm.azurewebsites.net" X-Forwarded-Proto="https" X-AppService-Proto="https" X-Forwarded-TlsVersion="1.3" X-WAWS-Unencoded-URL="/api/zipdeploy?isAsync=true&amp;deployer=GITHUB_ZIP_DEPLOY&amp;message=%7B%22type%22%3A%22deployment%22%2C%22sha%22%3A%2282c7d9c172f43767d6f152bcc9bd5e068067e2aa%22%2C%22repoName%22%3A%22NiklasDueNim%2FOverblikPlus%22%2C%22actor%22%3A%22NiklasNim%22%2C%22slotName%22%3A%22production%22%2C%22commitMessage%22%3A%22Fix%20Azure%20deployment%20-%20disable%20remote%20build%20and%20use%20pre-built%20packages%22%7D" X-Client-IP="40.65.58.134" X-Client-Port="14336" >
  <step title="ZipPushDeploy" date="2025-09-14T11:06:25.933" >
    <step title="ZipDeploy. Extract zip. Remote build." date="2025-09-14T11:06:25.994" /><!-- duration: 21ms -->
    <step title="Starting PushDeployAsync" date="2025-09-14T11:06:26.043" /><!-- duration: 19ms -->
    <step title="Writing artifact to /tmp/zipdeploy/5adcfe0a-defd-4515-ba3c-b212820246b0.zip" date="2025-09-14T11:06:26.135" >
      <step title="Writing multipart request body to /tmp/zipdeploy/5adcfe0a-defd-4515-ba3c-b212820246b0.zip" date="2025-09-14T11:06:26.166" /><!-- duration: 29ms -->
    </step><!-- duration: 2662ms -->
    <step title="Start deployment in the background" date="2025-09-14T11:06:29.269" >
      <step title="Acquiring Deployment Lock" date="2025-09-14T11:06:29.832" /><!-- duration: 110ms -->
      <step title="Acquired Deployment Lock" date="2025-09-14T11:06:30.263" /><!-- duration: 12ms -->
    </step><!-- duration: 2886ms -->
  </step><!-- duration: 6242ms -->
  <step title="Outgoing response" date="2025-09-14T11:06:32.196" type="response" statusCode="202" statusText="Accepted" /><!-- duration: 28ms -->
</step><!-- duration: 6433ms -->
