<step title="Incoming Request" date="2025-09-14T11:03:32.031" instance="d7204e" url="/api/zipdeploy?isAsync=true&amp;deployer=GITHUB_ZIP_DEPLOY&amp;message=%7B%22type%22%3A%22deployment%22%2C%22sha%22%3A%22ac10d6e7f98da9e312e0a13c16a2b10dc5139623%22%2C%22repoName%22%3A%22NiklasDueNim%2FOverblikPlus%22%2C%22actor%22%3A%22NiklasNim%22%2C%22slotName%22%3A%22production%22%2C%22commitMessage%22%3A%22Trigger%20Azure%20deployment%20with%20SCM%20build%20settings%22%7D" method="POST" type="request" pid="825,1,5" Host="overblikplus-user-api-dev.scm.azurewebsites.net" User-Agent="GITHUBACTIONS_DeployWebAppToAzure_735aa2ce1ff57fafac1e187d985dca0f627900a41e77b4185a35f46dfdf966a0" Authorization="Bas..." Content-Type="application/octet-stream" Cookie="ARRAffinity=d7204e58bc6440e2561834b1cfb61b8955e435b21d3a048a8eefc7ef39a69118;Path=/;HttpOnly;Secure;Domain=overblikplus-user-api-dev.scm.azurewebsites.net; ARRAffinitySameSite=d7204e58bc6440e2561834b1cfb61b8955e435b21d3a048a8eefc7ef39a69118;Path=/;HttpOnly;SameSite=None;Secure;Domain=overblikplus-user-api-dev.scm.azurewebsites.net" Transfer-Encoding="chunked" X-ARR-LOG-ID="5c961ec3-5129-4410-bf02-6e487016f361" CLIENT-IP="4.246.135.6:23552" X-SITE-DEPLOYMENT-ID="overblikplus-user-api-dev" WAS-DEFAULT-HOSTNAME="overblikplus-user-api-dev.scm.azurewebsites.net" X-Forwarded-Proto="https" X-AppService-Proto="https" X-Forwarded-TlsVersion="1.3" X-WAWS-Unencoded-URL="/api/zipdeploy?isAsync=true&amp;deployer=GITHUB_ZIP_DEPLOY&amp;message=%7B%22type%22%3A%22deployment%22%2C%22sha%22%3A%22ac10d6e7f98da9e312e0a13c16a2b10dc5139623%22%2C%22repoName%22%3A%22NiklasDueNim%2FOverblikPlus%22%2C%22actor%22%3A%22NiklasNim%22%2C%22slotName%22%3A%22production%22%2C%22commitMessage%22%3A%22Trigger%20Azure%20deployment%20with%20SCM%20build%20settings%22%7D" X-Client-IP="4.246.135.6" X-Client-Port="23552" >
  <step title="Cleanup Xml Logs" date="2025-09-14T11:03:32.050" /><!-- duration: 20ms -->
  <step title="ZipPushDeploy" date="2025-09-14T11:03:32.775" >
    <step title="ZipDeploy. Extract zip. Remote build." date="2025-09-14T11:03:32.825" /><!-- duration: 19ms -->
    <step title="None repository commit" date="2025-09-14T11:03:32.893" >
      <step title="Commit id: 59707edf-df5d-47e8-a445-e19415deac41" date="2025-09-14T11:03:32.904" Message="N/A" AuthorName="N/A" AuthorEmail="N/A" /><!-- duration: 19ms -->
    </step><!-- duration: 41ms -->
    <step title="Starting PushDeployAsync" date="2025-09-14T11:03:32.944" /><!-- duration: 18ms -->
    <step title="Writing artifact to /tmp/zipdeploy/f23cdda8-62c4-4d02-82d3-609fa8b9e08f.zip" date="2025-09-14T11:03:33.014" >
      <step title="Writing multipart request body to /tmp/zipdeploy/f23cdda8-62c4-4d02-82d3-609fa8b9e08f.zip" date="2025-09-14T11:03:33.025" /><!-- duration: 18ms -->
    </step><!-- duration: 1699ms -->
    <step title="Start deployment in the background" date="2025-09-14T11:03:34.766" >
      <step title="Acquiring Deployment Lock" date="2025-09-14T11:03:34.855" /><!-- duration: 39ms -->
      <step title="Acquired Deployment Lock" date="2025-09-14T11:03:35.075" /><!-- duration: 11ms -->
    </step><!-- duration: 1043ms -->
  </step><!-- duration: 3165ms -->
  <step title="Outgoing response" date="2025-09-14T11:03:36.040" type="response" statusCode="202" statusText="Accepted" /><!-- duration: 10ms -->
</step><!-- duration: 4029ms -->
