<step title="BackgroundTrace" date="2025-09-14T10:57:02.430" instance="d7204e" url="/api/zipdeploy" method="POST" >
  <step title="Cleanup Xml Logs" date="2025-09-14T10:57:02.489" /><!-- duration: 50ms -->
  <step title="Creating temporary deployment - FetchDeploymentManager" date="2025-09-14T10:57:02.812" /><!-- duration: 10ms -->
  <step title="Creating temporary deployment" date="2025-09-14T10:57:02.891" /><!-- duration: 341ms -->
  <step title="Performing fetch based deployment" date="2025-09-14T10:57:03.666" >
    <step title="Cleaning up temp folders from previous zip deployments and extracting pushed zip file /tmp/zipdeploy/995ab574-dd18-4c63-aa3f-601c344840a4.zip (8.68 MB) to /tmp/zipdeploy/extracted" date="2025-09-14T10:57:05.327" >
      <step title="ChmodRecursive Process exited with total time taken in ms: 141" date="2025-09-14T10:57:06.411" /><!-- duration: 9ms -->
    </step><!-- duration: 1125ms -->
    <step title="Deployment timer started" date="2025-09-14T10:57:08.484" >
      <step title="DeploymentManager.Deploy(id:8e37dc1a-000e-4ae4-bb22-bd9377b681ca)" date="2025-09-14T10:57:08.490" >
        <step title="Collecting changeset information" date="2025-09-14T10:57:08.501" /><!-- duration: 136ms -->
        <step title="Updating submodules" date="2025-09-14T10:57:08.641" /><!-- duration: 1329ms -->
        <step title="Determining deployment builder" date="2025-09-14T10:57:10.372" >
          <step title="Builder is BasicBuilder" date="2025-09-14T10:57:10.434" /><!-- duration: 20ms -->
        </step><!-- duration: 99ms -->
        <step title="PreDeployment: context.CleanOutputPath False" date="2025-09-14T10:57:10.612" >
          <step title="PreDeployment: context.OutputPath /home/site/wwwroot" date="2025-09-14T10:57:10.853" >
            <step title="Building" date="2025-09-14T10:57:11.308" >
              <step title="Executing external process" date="2025-09-14T10:57:13.396" type="process" path="starter.sh" arguments="/opt/Kudu/Scripts/parallel_rsync.sh /tmp/zipdeploy/extracted /home/site/wwwroot 8 /tmp/ False True  " /><!-- duration: 13944ms -->
              <step title="Triggering recycle (preview mode disabled)." date="2025-09-14T10:57:28.425" /><!-- duration: 70ms -->
              <step title="Modified file to trigger a restart of the app container." date="2025-09-14T10:57:28.725" /><!-- duration: 32ms -->
              <step title="Skip function trigger and logicapp sync because function is not enabled." date="2025-09-14T10:57:28.837" /><!-- duration: 11ms -->
              <step title="Purge deployment items" date="2025-09-14T10:57:30.648" >
                <step title="Remove temp-64ed, Failed, received at 09/14/2025 10:50:22" date="2025-09-14T10:57:30.878" /><!-- duration: 21ms -->
              </step><!-- duration: 339ms -->
            </step><!-- duration: 19833ms -->
          </step><!-- duration: 20358ms -->
          <step title="Cleaning up temp files" date="2025-09-14T10:57:31.249" /><!-- duration: 90ms -->
          <step title="Cleaning up temp files" date="2025-09-14T10:57:31.351" /><!-- duration: 562ms -->
          <step title="Reloading status file with latest updates" date="2025-09-14T10:57:32.066" >
            <step title="WebHooksManager.PublishEventAsync: PostDeployment" date="2025-09-14T10:57:32.105" /><!-- duration: 230ms -->
          </step><!-- duration: 279ms -->
          <step title="Cleaning up temporary deployment - fetch deployment was successful" date="2025-09-14T10:57:32.357" /><!-- duration: 38ms -->
        </step><!-- duration: 21937ms -->
      </step><!-- duration: 24148ms -->
