<step title="Incoming Request" date="2025-09-14T04:07:17.634" instance="d7204e" url="/api/zipdeploy?isAsync=true&amp;deployer=GITHUB_ZIP_DEPLOY&amp;message=%7B%22type%22%3A%22deployment%22%2C%22sha%22%3A%224be8b061c75ea1dca0cc995f4913567a121764e1%22%2C%22repoName%22%3A%22NiklasDueNim%2FOverblikPlus%22%2C%22actor%22%3A%22NiklasNim%22%2C%22slotName%22%3A%22production%22%2C%22commitMessage%22%3A%22Trigger%20backend%20deployment%20workflow%22%7D" method="POST" type="request" pid="823,1,5" Host="overblikplus-task-api-dev.scm.azurewebsites.net" User-Agent="GITHUBACTIONS_DeployWebAppToAzure_735aa2ce1ff57fafac1e187d985dca0f627900a41e77b4185a35f46dfdf966a0" Authorization="Bas..." Content-Type="application/octet-stream" Cookie="ARRAffinity=d7204e58bc6440e2561834b1cfb61b8955e435b21d3a048a8eefc7ef39a69118;Path=/;HttpOnly;Secure;Domain=overblikplus-task-api-dev.scm.azurewebsites.net; ARRAffinitySameSite=d7204e58bc6440e2561834b1cfb61b8955e435b21d3a048a8eefc7ef39a69118;Path=/;HttpOnly;SameSite=None;Secure;Domain=overblikplus-task-api-dev.scm.azurewebsites.net" Transfer-Encoding="chunked" X-ARR-LOG-ID="530b14f1-9801-4d88-8f32-aa4c2f26d2da" CLIENT-IP="20.55.126.243:15378" X-SITE-DEPLOYMENT-ID="overblikplus-task-api-dev" WAS-DEFAULT-HOSTNAME="overblikplus-task-api-dev.scm.azurewebsites.net" X-Forwarded-Proto="https" X-AppService-Proto="https" X-Forwarded-TlsVersion="1.3" X-WAWS-Unencoded-URL="/api/zipdeploy?isAsync=true&amp;deployer=GITHUB_ZIP_DEPLOY&amp;message=%7B%22type%22%3A%22deployment%22%2C%22sha%22%3A%224be8b061c75ea1dca0cc995f4913567a121764e1%22%2C%22repoName%22%3A%22NiklasDueNim%2FOverblikPlus%22%2C%22actor%22%3A%22NiklasNim%22%2C%22slotName%22%3A%22production%22%2C%22commitMessage%22%3A%22Trigger%20backend%20deployment%20workflow%22%7D" X-Client-IP="20.55.126.243" X-Client-Port="15378" >
  <step title="ZipPushDeploy" date="2025-09-14T04:07:18.871" >
    <step title="ZipDeploy. Extract zip." date="2025-09-14T04:07:19.434" /><!-- duration: 33ms -->
    <step title="None repository commit" date="2025-09-14T04:07:19.846" >
      <step title="Commit id: be123415-ad22-4360-9eab-6d232c2e12fc" date="2025-09-14T04:07:19.958" Message="N/A" AuthorName="N/A" AuthorEmail="N/A" /><!-- duration: 109ms -->
    </step><!-- duration: 293ms -->
    <step title="Starting PushDeployAsync" date="2025-09-14T04:07:20.288" /><!-- duration: 21ms -->
    <step title="Writing artifact to /tmp/zipdeploy/73cb71b6-ccfc-4ca7-a5a9-31d8ddf722c4.zip" date="2025-09-14T04:07:20.670" >
      <step title="Writing multipart request body to /tmp/zipdeploy/73cb71b6-ccfc-4ca7-a5a9-31d8ddf722c4.zip" date="2025-09-14T04:07:20.772" /><!-- duration: 91ms -->
    </step><!-- duration: 7662ms -->
    <step title="Start deployment in the background" date="2025-09-14T04:07:28.592" >
      <step title="Acquiring Deployment Lock" date="2025-09-14T04:07:29.127" /><!-- duration: 182ms -->
      <step title="Acquired Deployment Lock" date="2025-09-14T04:07:29.609" /><!-- duration: 180ms -->
    </step><!-- duration: 2113ms -->
  </step><!-- duration: 12024ms -->
  <step title="Outgoing response" date="2025-09-14T04:07:30.986" type="response" statusCode="202" statusText="Accepted" /><!-- duration: 11ms -->
</step><!-- duration: 13401ms -->
