<step title="Incoming Request" date="2025-09-14T11:23:24.587" instance="d7204e" url="/api/deployments/latest?deployer=GITHUB_ZIP_DEPLOY&amp;time=2025-09-14_11-07-09Z" method="GET" type="request" pid="825,1,5" Host="overblikplus-task-api-dev.scm.azurewebsites.net" User-Agent="GITHUBACTIONS_DeployWebAppToAzure_735aa2ce1ff57fafac1e187d985dca0f627900a41e77b4185a35f46dfdf966a0" Authorization="Bas..." Content-Type="application/json; charset=utf-8" Cookie="ARRAffinity=d7204e58bc6440e2561834b1cfb61b8955e435b21d3a048a8eefc7ef39a69118;Path=/;HttpOnly;Secure;Domain=overblikplus-task-api-dev.scm.azurewebsites.net; ARRAffinitySameSite=d7204e58bc6440e2561834b1cfb61b8955e435b21d3a048a8eefc7ef39a69118;Path=/;HttpOnly;SameSite=None;Secure;Domain=overblikplus-task-api-dev.scm.azurewebsites.net" Content-Length="0" X-ARR-LOG-ID="fcd59d32-2a7d-4e1c-9d9f-f67e2d55392b" CLIENT-IP="172.182.225.87:10242" X-SITE-DEPLOYMENT-ID="overblikplus-task-api-dev" WAS-DEFAULT-HOSTNAME="overblikplus-task-api-dev.scm.azurewebsites.net" X-Forwarded-Proto="https" X-AppService-Proto="https" X-Forwarded-TlsVersion="1.3" X-WAWS-Unencoded-URL="/api/deployments/latest?deployer=GITHUB_ZIP_DEPLOY&amp;time=2025-09-14_11-07-09Z" X-Client-IP="172.182.225.87" X-Client-Port="10242" >
  <step title="Cleanup Xml Logs" date="2025-09-14T11:23:24.599" >
    <step title="Cleanup Infos" date="2025-09-14T11:23:24.637" totalFiles="224" totalCleanup="64" /><!-- duration: 52ms -->
  </step><!-- duration: 128ms -->
  <step title="DeploymentService.GetResult" date="2025-09-14T11:23:24.797" >
    <step title="DeploymentService.GetLatestDeployment" date="2025-09-14T11:23:24.819" >
      <step title="DeploymentManager.GetResults" date="2025-09-14T11:23:24.840" /><!-- duration: 1205ms -->
    </step><!-- duration: 1274ms -->
  </step><!-- duration: 1328ms -->
  <step title="Outgoing response" date="2025-09-14T11:23:26.156" type="response" statusCode="202" statusText="Accepted" /><!-- duration: 38ms -->
</step><!-- duration: 1629ms -->
