<step title="Incoming Request" date="2025-09-14T11:21:35.294" instance="d7204e" url="/api/deployments/latest?deployer=GITHUB_ZIP_DEPLOY&amp;time=2025-09-14_11-07-09Z" method="GET" type="request" pid="825,1,19" Host="overblikplus-task-api-dev.scm.azurewebsites.net" User-Agent="GITHUBACTIONS_DeployWebAppToAzure_735aa2ce1ff57fafac1e187d985dca0f627900a41e77b4185a35f46dfdf966a0" Authorization="Bas..." Content-Type="application/json; charset=utf-8" Cookie="ARRAffinity=d7204e58bc6440e2561834b1cfb61b8955e435b21d3a048a8eefc7ef39a69118;Path=/;HttpOnly;Secure;Domain=overblikplus-task-api-dev.scm.azurewebsites.net; ARRAffinitySameSite=d7204e58bc6440e2561834b1cfb61b8955e435b21d3a048a8eefc7ef39a69118;Path=/;HttpOnly;SameSite=None;Secure;Domain=overblikplus-task-api-dev.scm.azurewebsites.net" Content-Length="0" X-ARR-LOG-ID="5d4abb1c-ad74-4961-907a-defb14f9da64" CLIENT-IP="172.182.225.87:10242" X-SITE-DEPLOYMENT-ID="overblikplus-task-api-dev" WAS-DEFAULT-HOSTNAME="overblikplus-task-api-dev.scm.azurewebsites.net" X-Forwarded-Proto="https" X-AppService-Proto="https" X-Forwarded-TlsVersion="1.3" X-WAWS-Unencoded-URL="/api/deployments/latest?deployer=GITHUB_ZIP_DEPLOY&amp;time=2025-09-14_11-07-09Z" X-Client-IP="172.182.225.87" X-Client-Port="10242" >
  <step title="Cleanup Xml Logs" date="2025-09-14T11:21:35.303" >
    <step title="Cleanup Infos" date="2025-09-14T11:21:35.366" totalFiles="208" totalCleanup="48" /><!-- duration: 38ms -->
  </step><!-- duration: 122ms -->
  <step title="DeploymentService.GetResult" date="2025-09-14T11:21:35.486" >
    <step title="DeploymentService.GetLatestDeployment" date="2025-09-14T11:21:35.497" >
      <step title="DeploymentManager.GetResults" date="2025-09-14T11:21:35.544" /><!-- duration: 1266ms -->
    </step><!-- duration: 1335ms -->
  </step><!-- duration: 1364ms -->
  <step title="Outgoing response" date="2025-09-14T11:21:36.872" type="response" statusCode="202" statusText="Accepted" /><!-- duration: 11ms -->
</step><!-- duration: 1598ms -->
