<step title="Incoming Request" date="2025-09-14T04:31:50.641" instance="d7204e" url="/api/zipdeploy?isAsync=true&amp;deployer=GITHUB_ZIP_DEPLOY&amp;message=%7B%22type%22%3A%22deployment%22%2C%22sha%22%3A%22cc8c64107faf7c01f741857e695c880cdcc3ae21%22%2C%22repoName%22%3A%22NiklasDueNim%2FOverblikPlus%22%2C%22actor%22%3A%22NiklasNim%22%2C%22slotName%22%3A%22production%22%2C%22commitMessage%22%3A%22Trigger%20backend%20redeployment%20with%20database%20connection%20strings%22%7D" method="POST" type="request" pid="823,1,46" Host="overblikplus-task-api-dev.scm.azurewebsites.net" User-Agent="GITHUBACTIONS_DeployWebAppToAzure_735aa2ce1ff57fafac1e187d985dca0f627900a41e77b4185a35f46dfdf966a0" Authorization="Bas..." Content-Type="application/octet-stream" Cookie="ARRAffinity=d7204e58bc6440e2561834b1cfb61b8955e435b21d3a048a8eefc7ef39a69118;Path=/;HttpOnly;Secure;Domain=overblikplus-task-api-dev.scm.azurewebsites.net; ARRAffinitySameSite=d7204e58bc6440e2561834b1cfb61b8955e435b21d3a048a8eefc7ef39a69118;Path=/;HttpOnly;SameSite=None;Secure;Domain=overblikplus-task-api-dev.scm.azurewebsites.net" Transfer-Encoding="chunked" X-ARR-LOG-ID="a3988d4f-f090-4795-b989-4916f263a9be" CLIENT-IP="172.214.47.55:13360" X-SITE-DEPLOYMENT-ID="overblikplus-task-api-dev" WAS-DEFAULT-HOSTNAME="overblikplus-task-api-dev.scm.azurewebsites.net" X-Forwarded-Proto="https" X-AppService-Proto="https" X-Forwarded-TlsVersion="1.3" X-WAWS-Unencoded-URL="/api/zipdeploy?isAsync=true&amp;deployer=GITHUB_ZIP_DEPLOY&amp;message=%7B%22type%22%3A%22deployment%22%2C%22sha%22%3A%22cc8c64107faf7c01f741857e695c880cdcc3ae21%22%2C%22repoName%22%3A%22NiklasDueNim%2FOverblikPlus%22%2C%22actor%22%3A%22NiklasNim%22%2C%22slotName%22%3A%22production%22%2C%22commitMessage%22%3A%22Trigger%20backend%20redeployment%20with%20database%20connection%20strings%22%7D" X-Client-IP="172.214.47.55" X-Client-Port="13360" >
  <step title="ZipPushDeploy" date="2025-09-14T04:31:51.397" >
    <step title="ZipDeploy. Extract zip." date="2025-09-14T04:31:51.565" /><!-- duration: 31ms -->
    <step title="Starting PushDeployAsync" date="2025-09-14T04:31:51.678" /><!-- duration: 30ms -->
    <step title="Writing artifact to /tmp/zipdeploy/7486a117-831b-4a34-a314-9684fe6dedf1.zip" date="2025-09-14T04:31:51.849" >
      <step title="Writing multipart request body to /tmp/zipdeploy/7486a117-831b-4a34-a314-9684fe6dedf1.zip" date="2025-09-14T04:31:51.978" /><!-- duration: 30ms -->
    </step><!-- duration: 28685ms -->
    <step title="Start deployment in the background" date="2025-09-14T04:32:21.782" >
      <step title="Acquiring Deployment Lock" date="2025-09-14T04:32:23.612" /><!-- duration: 159ms -->
      <step title="Acquired Deployment Lock" date="2025-09-14T04:32:25.692" /><!-- duration: 89ms -->
    </step><!-- duration: 11448ms -->
  </step><!-- duration: 43866ms -->
  <step title="Outgoing response" date="2025-09-14T04:32:35.875" type="response" statusCode="202" statusText="Accepted" /><!-- duration: 129ms -->
</step><!-- duration: 45425ms -->
