<step title="Incoming Request" date="2025-09-14T10:50:35.683" instance="d7204e" url="/api/zipdeploy?isAsync=true&amp;deployer=GITHUB_ZIP_DEPLOY&amp;message=%7B%22type%22%3A%22deployment%22%2C%22sha%22%3A%224ab79650f89e25db40c601a0020771276b1899aa%22%2C%22repoName%22%3A%22NiklasDueNim%2FOverblikPlus%22%2C%22actor%22%3A%22NiklasNim%22%2C%22slotName%22%3A%22production%22%2C%22commitMessage%22%3A%22Trigger%20redeployment%20with%20Azure%20storage%20settings%22%7D" method="POST" type="request" pid="839,1,31" Host="overblikplus-task-api-dev.scm.azurewebsites.net" User-Agent="GITHUBACTIONS_DeployWebAppToAzure_735aa2ce1ff57fafac1e187d985dca0f627900a41e77b4185a35f46dfdf966a0" Authorization="Bas..." Content-Type="application/octet-stream" Cookie="ARRAffinity=d7204e58bc6440e2561834b1cfb61b8955e435b21d3a048a8eefc7ef39a69118;Path=/;HttpOnly;Secure;Domain=overblikplus-task-api-dev.scm.azurewebsites.net; ARRAffinitySameSite=d7204e58bc6440e2561834b1cfb61b8955e435b21d3a048a8eefc7ef39a69118;Path=/;HttpOnly;SameSite=None;Secure;Domain=overblikplus-task-api-dev.scm.azurewebsites.net" Transfer-Encoding="chunked" X-ARR-LOG-ID="d154a222-c4a7-48ec-81d2-a874d639fc6c" CLIENT-IP="135.119.239.53:44032" X-SITE-DEPLOYMENT-ID="overblikplus-task-api-dev" WAS-DEFAULT-HOSTNAME="overblikplus-task-api-dev.scm.azurewebsites.net" X-Forwarded-Proto="https" X-AppService-Proto="https" X-Forwarded-TlsVersion="1.3" X-WAWS-Unencoded-URL="/api/zipdeploy?isAsync=true&amp;deployer=GITHUB_ZIP_DEPLOY&amp;message=%7B%22type%22%3A%22deployment%22%2C%22sha%22%3A%224ab79650f89e25db40c601a0020771276b1899aa%22%2C%22repoName%22%3A%22NiklasDueNim%2FOverblikPlus%22%2C%22actor%22%3A%22NiklasNim%22%2C%22slotName%22%3A%22production%22%2C%22commitMessage%22%3A%22Trigger%20redeployment%20with%20Azure%20storage%20settings%22%7D" X-Client-IP="135.119.239.53" X-Client-Port="44032" >
  <step title="Cleanup Xml Logs" date="2025-09-14T10:50:35.845" /><!-- duration: 363ms -->
  <step title="ZipPushDeploy" date="2025-09-14T10:50:37.324" >
    <step title="ZipDeploy. Extract zip." date="2025-09-14T10:50:37.715" /><!-- duration: 312ms -->
    <step title="Starting PushDeployAsync" date="2025-09-14T10:50:38.488" /><!-- duration: 43ms -->
    <step title="Writing artifact to /tmp/zipdeploy/d464963d-ced9-4848-91d4-180fbd48ff21.zip" date="2025-09-14T10:50:38.771" >
      <step title="Writing multipart request body to /tmp/zipdeploy/d464963d-ced9-4848-91d4-180fbd48ff21.zip" date="2025-09-14T10:50:38.872" /><!-- duration: 52ms -->
    </step><!-- duration: 6504ms -->
    <step title="Start deployment in the background" date="2025-09-14T10:50:45.527" >
      <step title="Acquiring Deployment Lock" date="2025-09-14T10:50:46.473" /><!-- duration: 81ms -->
      <step title="Acquired Deployment Lock" date="2025-09-14T10:50:47.117" /><!-- duration: 41ms -->
    </step><!-- duration: 2845ms -->
  </step><!-- duration: 11139ms -->
  <step title="Outgoing response" date="2025-09-14T10:50:48.513" type="response" statusCode="202" statusText="Accepted" /><!-- duration: 30ms -->
</step><!-- duration: 12871ms -->
