<step title="Incoming Request" date="2025-09-14T11:07:01.044" instance="d7204e" url="/api/zipdeploy?isAsync=true&amp;deployer=GITHUB_ZIP_DEPLOY&amp;message=%7B%22type%22%3A%22deployment%22%2C%22sha%22%3A%2282c7d9c172f43767d6f152bcc9bd5e068067e2aa%22%2C%22repoName%22%3A%22NiklasDueNim%2FOverblikPlus%22%2C%22actor%22%3A%22NiklasNim%22%2C%22slotName%22%3A%22production%22%2C%22commitMessage%22%3A%22Fix%20Azure%20deployment%20-%20disable%20remote%20build%20and%20use%20pre-built%20packages%22%7D" method="POST" type="request" pid="825,1,18" Host="overblikplus-task-api-dev.scm.azurewebsites.net" User-Agent="GITHUBACTIONS_DeployWebAppToAzure_735aa2ce1ff57fafac1e187d985dca0f627900a41e77b4185a35f46dfdf966a0" Authorization="Bas..." Content-Type="application/octet-stream" Cookie="ARRAffinity=d7204e58bc6440e2561834b1cfb61b8955e435b21d3a048a8eefc7ef39a69118;Path=/;HttpOnly;Secure;Domain=overblikplus-task-api-dev.scm.azurewebsites.net; ARRAffinitySameSite=d7204e58bc6440e2561834b1cfb61b8955e435b21d3a048a8eefc7ef39a69118;Path=/;HttpOnly;SameSite=None;Secure;Domain=overblikplus-task-api-dev.scm.azurewebsites.net" Transfer-Encoding="chunked" X-ARR-LOG-ID="27d3c5ab-7578-4df6-aa67-b1ef00f01f79" CLIENT-IP="172.182.225.87:10240" X-SITE-DEPLOYMENT-ID="overblikplus-task-api-dev" WAS-DEFAULT-HOSTNAME="overblikplus-task-api-dev.scm.azurewebsites.net" X-Forwarded-Proto="https" X-AppService-Proto="https" X-Forwarded-TlsVersion="1.3" X-WAWS-Unencoded-URL="/api/zipdeploy?isAsync=true&amp;deployer=GITHUB_ZIP_DEPLOY&amp;message=%7B%22type%22%3A%22deployment%22%2C%22sha%22%3A%2282c7d9c172f43767d6f152bcc9bd5e068067e2aa%22%2C%22repoName%22%3A%22NiklasDueNim%2FOverblikPlus%22%2C%22actor%22%3A%22NiklasNim%22%2C%22slotName%22%3A%22production%22%2C%22commitMessage%22%3A%22Fix%20Azure%20deployment%20-%20disable%20remote%20build%20and%20use%20pre-built%20packages%22%7D" X-Client-IP="172.182.225.87" X-Client-Port="10240" >
  <step title="ZipPushDeploy" date="2025-09-14T11:07:03.227" >
    <step title="ZipDeploy. Extract zip. Remote build." date="2025-09-14T11:07:03.378" /><!-- duration: 38ms -->
    <step title="None repository commit" date="2025-09-14T11:07:03.999" >
      <step title="Commit id: a2f507d5-51c1-4d4c-989e-2b460b3c6bf4" date="2025-09-14T11:07:04.121" Message="N/A" AuthorName="N/A" AuthorEmail="N/A" /><!-- duration: 111ms -->
    </step><!-- duration: 323ms -->
    <step title="Starting PushDeployAsync" date="2025-09-14T11:07:04.461" /><!-- duration: 43ms -->
    <step title="Writing artifact to /tmp/zipdeploy/145ee7ae-007d-45ce-88ae-a7e2911b13c2.zip" date="2025-09-14T11:07:06.235" >
      <step title="Writing multipart request body to /tmp/zipdeploy/145ee7ae-007d-45ce-88ae-a7e2911b13c2.zip" date="2025-09-14T11:07:06.264" /><!-- duration: 10ms -->
    </step><!-- duration: 2520ms -->
    <step title="Start deployment in the background" date="2025-09-14T11:07:08.777" >
      <step title="Acquiring Deployment Lock" date="2025-09-14T11:07:08.837" /><!-- duration: 10ms -->
      <step title="Acquired Deployment Lock" date="2025-09-14T11:07:08.902" /><!-- duration: 3ms -->
    </step><!-- duration: 538ms -->
  </step><!-- duration: 6781ms -->
  <step title="Outgoing response" date="2025-09-14T11:07:10.211" type="response" statusCode="202" statusText="Accepted" /><!-- duration: 40ms -->
</step><!-- duration: 9235ms -->
