<step title="Incoming Request" date="2025-09-14T11:21:42.510" instance="d7204e" url="/api/deployments/latest?deployer=GITHUB_ZIP_DEPLOY&amp;time=2025-09-14_11-07-09Z" method="GET" type="request" pid="825,1,19" Host="overblikplus-task-api-dev.scm.azurewebsites.net" User-Agent="GITHUBACTIONS_DeployWebAppToAzure_735aa2ce1ff57fafac1e187d985dca0f627900a41e77b4185a35f46dfdf966a0" Authorization="Bas..." Content-Type="application/json; charset=utf-8" Cookie="ARRAffinity=d7204e58bc6440e2561834b1cfb61b8955e435b21d3a048a8eefc7ef39a69118;Path=/;HttpOnly;Secure;Domain=overblikplus-task-api-dev.scm.azurewebsites.net; ARRAffinitySameSite=d7204e58bc6440e2561834b1cfb61b8955e435b21d3a048a8eefc7ef39a69118;Path=/;HttpOnly;SameSite=None;Secure;Domain=overblikplus-task-api-dev.scm.azurewebsites.net" Content-Length="0" X-ARR-LOG-ID="973f0330-7d15-45b1-b139-674f89c29df2" CLIENT-IP="172.182.225.87:10240" X-SITE-DEPLOYMENT-ID="overblikplus-task-api-dev" WAS-DEFAULT-HOSTNAME="overblikplus-task-api-dev.scm.azurewebsites.net" X-Forwarded-Proto="https" X-AppService-Proto="https" X-Forwarded-TlsVersion="1.3" X-WAWS-Unencoded-URL="/api/deployments/latest?deployer=GITHUB_ZIP_DEPLOY&amp;time=2025-09-14_11-07-09Z" X-Client-IP="172.182.225.87" X-Client-Port="10240" >
  <step title="Cleanup Xml Logs" date="2025-09-14T11:21:42.539" >
    <step title="Cleanup Infos" date="2025-09-14T11:21:42.591" totalFiles="209" totalCleanup="49" /><!-- duration: 11ms -->
  </step><!-- duration: 83ms -->
  <step title="DeploymentService.GetResult" date="2025-09-14T11:21:42.651" >
    <step title="DeploymentService.GetLatestDeployment" date="2025-09-14T11:21:42.661" >
      <step title="DeploymentManager.GetResults" date="2025-09-14T11:21:42.681" /><!-- duration: 1016ms -->
    </step><!-- duration: 1065ms -->
  </step><!-- duration: 1078ms -->
  <step title="Outgoing response" date="2025-09-14T11:21:43.797" type="response" statusCode="202" statusText="Accepted" /><!-- duration: 19ms -->
</step><!-- duration: 1317ms -->
