<step title="Incoming Request" date="2025-09-14T10:56:27.364" instance="d7204e" url="/api/zipdeploy?isAsync=true&amp;deployer=GITHUB_ZIP_DEPLOY&amp;message=%7B%22type%22%3A%22deployment%22%2C%22sha%22%3A%228746c93add4ae181006566e7f579f41105ffb320%22%2C%22repoName%22%3A%22NiklasDueNim%2FOverblikPlus%22%2C%22actor%22%3A%22NiklasNim%22%2C%22slotName%22%3A%22production%22%2C%22commitMessage%22%3A%22Fix%20TaskMicroService%20migration%20error%20handling%20and%20compilation%20error%22%7D" method="POST" type="request" pid="827,1,15" Host="overblikplus-task-api-dev.scm.azurewebsites.net" User-Agent="GITHUBACTIONS_DeployWebAppToAzure_735aa2ce1ff57fafac1e187d985dca0f627900a41e77b4185a35f46dfdf966a0" Authorization="Bas..." Content-Type="application/octet-stream" Cookie="ARRAffinity=d7204e58bc6440e2561834b1cfb61b8955e435b21d3a048a8eefc7ef39a69118;Path=/;HttpOnly;Secure;Domain=overblikplus-task-api-dev.scm.azurewebsites.net; ARRAffinitySameSite=d7204e58bc6440e2561834b1cfb61b8955e435b21d3a048a8eefc7ef39a69118;Path=/;HttpOnly;SameSite=None;Secure;Domain=overblikplus-task-api-dev.scm.azurewebsites.net" Transfer-Encoding="chunked" X-ARR-LOG-ID="2e3eb534-9b96-49be-953e-229c1c387ba9" CLIENT-IP="40.65.58.132:6208" X-SITE-DEPLOYMENT-ID="overblikplus-task-api-dev" WAS-DEFAULT-HOSTNAME="overblikplus-task-api-dev.scm.azurewebsites.net" X-Forwarded-Proto="https" X-AppService-Proto="https" X-Forwarded-TlsVersion="1.3" X-WAWS-Unencoded-URL="/api/zipdeploy?isAsync=true&amp;deployer=GITHUB_ZIP_DEPLOY&amp;message=%7B%22type%22%3A%22deployment%22%2C%22sha%22%3A%228746c93add4ae181006566e7f579f41105ffb320%22%2C%22repoName%22%3A%22NiklasDueNim%2FOverblikPlus%22%2C%22actor%22%3A%22NiklasNim%22%2C%22slotName%22%3A%22production%22%2C%22commitMessage%22%3A%22Fix%20TaskMicroService%20migration%20error%20handling%20and%20compilation%20error%22%7D" X-Client-IP="40.65.58.132" X-Client-Port="6208" >
  <step title="Cleanup Xml Logs" date="2025-09-14T10:56:27.383" /><!-- duration: 11ms -->
  <step title="ZipPushDeploy" date="2025-09-14T10:56:27.706" >
    <step title="ZipDeploy. Extract zip." date="2025-09-14T10:56:27.787" /><!-- duration: 28ms -->
    <step title="None repository commit" date="2025-09-14T10:56:27.847" >
      <step title="Commit id: 2fdce36f-da48-43e2-afe3-bb5ca3772d68" date="2025-09-14T10:56:27.866" Message="N/A" AuthorName="N/A" AuthorEmail="N/A" /><!-- duration: 10ms -->
    </step><!-- duration: 39ms -->
    <step title="Starting PushDeployAsync" date="2025-09-14T10:56:27.898" /><!-- duration: 19ms -->
    <step title="Writing artifact to /tmp/zipdeploy/4a507016-446f-40d3-9bb5-2b4dca74cdeb.zip" date="2025-09-14T10:56:28.178" >
      <step title="Writing multipart request body to /tmp/zipdeploy/4a507016-446f-40d3-9bb5-2b4dca74cdeb.zip" date="2025-09-14T10:56:28.208" /><!-- duration: 40ms -->
    </step><!-- duration: 2886ms -->
    <step title="Start deployment in the background" date="2025-09-14T10:56:31.107" >
      <step title="Acquiring Deployment Lock" date="2025-09-14T10:56:31.362" /><!-- duration: 11ms -->
      <step title="Acquired Deployment Lock" date="2025-09-14T10:56:31.543" /><!-- duration: 18ms -->
    </step><!-- duration: 809ms -->
  </step><!-- duration: 4398ms -->
  <step title="Outgoing response" date="2025-09-14T10:56:32.157" type="response" statusCode="202" statusText="Accepted" /><!-- duration: 18ms -->
</step><!-- duration: 4822ms -->
