<step title="BackgroundTrace" date="2025-09-14T10:56:31.114" instance="d7204e" url="/api/zipdeploy" method="POST" >
  <step title="Cleanup Xml Logs" date="2025-09-14T10:56:31.123" /><!-- duration: 5ms -->
  <step title="Creating temporary deployment - FetchDeploymentManager" date="2025-09-14T10:56:31.572" /><!-- duration: 10ms -->
  <step title="Creating temporary deployment" date="2025-09-14T10:56:31.622" /><!-- duration: 251ms -->
  <step title="Performing fetch based deployment" date="2025-09-14T10:56:32.429" >
    <step title="Cleaning up temp folders from previous zip deployments and extracting pushed zip file /tmp/zipdeploy/4a507016-446f-40d3-9bb5-2b4dca74cdeb.zip (25.96 MB) to /tmp/zipdeploy/extracted" date="2025-09-14T10:56:34.418" >
      <step title="ChmodRecursive Process exited with total time taken in ms: 393" date="2025-09-14T10:56:43.303" /><!-- duration: 30ms -->
    </step><!-- duration: 8995ms -->
    <step title="Deployment timer started" date="2025-09-14T10:56:45.593" >
      <step title="DeploymentManager.Deploy(id:2fdce36f-da48-43e2-afe3-bb5ca3772d68)" date="2025-09-14T10:56:45.634" >
        <step title="Collecting changeset information" date="2025-09-14T10:56:45.661" /><!-- duration: 422ms -->
        <step title="Updating submodules" date="2025-09-14T10:56:46.135" /><!-- duration: 1320ms -->
        <step title="Determining deployment builder" date="2025-09-14T10:56:47.808" >
          <step title="Builder is BasicBuilder" date="2025-09-14T10:56:47.848" /><!-- duration: 8ms -->
        </step><!-- duration: 62ms -->
        <step title="PreDeployment: context.CleanOutputPath False" date="2025-09-14T10:56:48.038" >
          <step title="PreDeployment: context.OutputPath /home/site/wwwroot" date="2025-09-14T10:56:48.362" >
            <step title="Building" date="2025-09-14T10:56:48.740" >
              <step title="Executing external process" date="2025-09-14T10:56:49.708" type="process" path="starter.sh" arguments="/opt/Kudu/Scripts/parallel_rsync.sh /tmp/zipdeploy/extracted /home/site/wwwroot 8 /tmp/ False True  " /><!-- duration: 12761ms -->
              <step title="Triggering recycle (preview mode disabled)." date="2025-09-14T10:57:03.536" /><!-- duration: 20ms -->
              <step title="Modified file to trigger a restart of the app container." date="2025-09-14T10:57:03.663" /><!-- duration: 11ms -->
              <step title="Skip function trigger and logicapp sync because function is not enabled." date="2025-09-14T10:57:03.767" /><!-- duration: 48ms -->
              <step title="Purge deployment items" date="2025-09-14T10:57:05.556" >
                <step title="Remove temp-4b42, Pending, received at 09/14/2025 10:56:31" date="2025-09-14T10:57:05.719" /><!-- duration: 29ms -->
                <step title="Remove temp-cd91, Failed, received at 09/14/2025 10:50:47" date="2025-09-14T10:57:05.887" /><!-- duration: 2ms -->
              </step><!-- duration: 343ms -->
            </step><!-- duration: 17298ms -->
          </step><!-- duration: 17697ms -->
          <step title="Cleaning up temp files" date="2025-09-14T10:57:06.070" /><!-- duration: 20ms -->
          <step title="Cleaning up temp files" date="2025-09-14T10:57:06.139" /><!-- duration: 560ms -->
          <step title="Reloading status file with latest updates" date="2025-09-14T10:57:07.320" >
            <step title="WebHooksManager.PublishEventAsync: PostDeployment" date="2025-09-14T10:57:07.327" /><!-- duration: 111ms -->
          </step><!-- duration: 120ms -->
          <step title="Cleaning up temporary deployment - fetch deployment was successful" date="2025-09-14T10:57:07.443" /><!-- duration: 6ms -->
        </step><!-- duration: 19448ms -->
      </step><!-- duration: 21876ms -->
