﻿<?xml version="1.0" encoding="utf-8"?>
<deployment>
  <id>557e1f9f-876c-40d2-85d1-7ff33ab1ef1c</id>
  <author>N/A</author>
  <deployer>GITHUB_ZIP_DEPLOY</deployer>
  <authorEmail>N/A</authorEmail>
  <message>{"type":"deployment","sha":"ac10d6e7f98da9e312e0a13c16a2b10dc5139623","repoName":"NiklasDueNim/OverblikPlus","actor":"NiklasNim","slotName":"production","commitMessage":"Trigger Azure deployment with SCM build settings"}</message>
  <progress></progress>
  <status>Failed</status>
  <statusText>Deployment has been stopped due to SCM container restart. The restart can happen due to a management operation on site. Do not perform a management operation and a deployment operation in quick succession. Adding a small delay can help avoid any conflicts.</statusText>
  <lastSuccessEndTime />
  <receivedTime>2025-09-14T11:02:57.4914422Z</receivedTime>
  <startTime>2025-09-14T11:03:02.2451379Z</startTime>
  <endTime>2025-09-14T11:06:59.4962069Z</endTime>
  <complete>True</complete>
  <is_temp>False</is_temp>
  <is_readonly>True</is_readonly>
  <buildSummary />
</deployment>