﻿<?xml version="1.0" encoding="utf-8"?>
<deployment>
  <id>2da5c1dc-2dbd-49b8-9609-753c1d074b88</id>
  <author>N/A</author>
  <deployer>GITHUB_ZIP_DEPLOY</deployer>
  <authorEmail>N/A</authorEmail>
  <message>{"type":"deployment","sha":"c153024385100b7ada99ae577144c1d74333ac50","repoName":"NiklasDueNim/OverblikPlus","actor":"NiklasNim","slotName":"production","commitMessage":"Enable database migrations in Production mode for both services"}</message>
  <progress></progress>
  <status>Success</status>
  <statusText></statusText>
  <lastSuccessEndTime>2025-09-14T10:43:46.005249Z</lastSuccessEndTime>
  <receivedTime>2025-09-14T10:43:06.749427Z</receivedTime>
  <startTime>2025-09-14T10:43:08.7696Z</startTime>
  <endTime>2025-09-14T10:43:46.005249Z</endTime>
  <complete>True</complete>
  <is_temp>False</is_temp>
  <is_readonly>True</is_readonly>
  <buildSummary />
</deployment>