﻿<?xml version="1.0" encoding="utf-8"?>
<deployment>
  <id>15a09d4f-acab-4799-980d-de68f9e97b37</id>
  <author>N/A</author>
  <deployer>GITHUB_ZIP_DEPLOY</deployer>
  <authorEmail>N/A</authorEmail>
  <message>{"type":"deployment","sha":"4ab79650f89e25db40c601a0020771276b1899aa","repoName":"NiklasDueNim/OverblikPlus","actor":"NiklasNim","slotName":"production","commitMessage":"Trigger redeployment with Azure storage settings"}</message>
  <progress></progress>
  <status>Success</status>
  <statusText></statusText>
  <lastSuccessEndTime>2025-09-14T10:51:17.0628444Z</lastSuccessEndTime>
  <receivedTime>2025-09-14T10:50:43.006127Z</receivedTime>
  <startTime>2025-09-14T10:50:46.2840002Z</startTime>
  <endTime>2025-09-14T10:51:17.0628444Z</endTime>
  <complete>True</complete>
  <is_temp>False</is_temp>
  <is_readonly>True</is_readonly>
  <buildSummary />
</deployment>